{
  "configuration": {
    "in_features": 80,
    "iters": 400,
    "out_features": 96,
    "output": "benchmarks/results_v03_equal_storage.json",
    "polish_iters": 2,
    "rank": 24,
    "scale_iters": 8,
    "seeds": 3,
    "storage_refine_iters": 2
  },
  "results": [
    {
      "case": "gaussian",
      "paper_error": 0.5376978702160213,
      "paper_seconds": 0.12518635199921846,
      "requested_rank": 24,
      "seed": 0,
      "v02_bpw": 1.1,
      "v02_rank": 24,
      "v02_seconds": 0.13646043600056146,
      "v02_serialized_error": 0.5371543423333467,
      "v03_balanced_bpw": 1.1666666666666667,
      "v03_balanced_error": 0.43561381670802374,
      "v03_balanced_rank": 32,
      "v03_balanced_seconds": 0.1679603419997875,
      "v03_strict_bpw": 1.1,
      "v03_strict_error": 0.4364099894351967,
      "v03_strict_rank": 32,
      "v03_strict_seconds": 0.16116040500037343
    },
    {
      "case": "gaussian",
      "paper_error": 0.533532547746405,
      "paper_seconds": 0.12590668000029837,
      "requested_rank": 24,
      "seed": 1,
      "v02_bpw": 1.1,
      "v02_rank": 24,
      "v02_seconds": 0.14430888300012157,
      "v02_serialized_error": 0.5330375397707261,
      "v03_balanced_bpw": 1.1666666666666667,
      "v03_balanced_error": 0.4318904107228594,
      "v03_balanced_rank": 32,
      "v03_balanced_seconds": 0.17375994800022454,
      "v03_strict_bpw": 1.1,
      "v03_strict_error": 0.43354515929880644,
      "v03_strict_rank": 32,
      "v03_strict_seconds": 0.168961162999949
    },
    {
      "case": "gaussian",
      "paper_error": 0.5332083629214801,
      "paper_seconds": 0.11510750399975223,
      "requested_rank": 24,
      "seed": 2,
      "v02_bpw": 1.1,
      "v02_rank": 24,
      "v02_seconds": 0.1460590550004781,
      "v02_serialized_error": 0.5326698089262702,
      "v03_balanced_bpw": 1.1666666666666667,
      "v03_balanced_error": 0.42754625039530536,
      "v03_balanced_rank": 32,
      "v03_balanced_seconds": 0.17427243099973566,
      "v03_strict_bpw": 1.1,
      "v03_strict_error": 0.4288311574205643,
      "v03_strict_rank": 32,
      "v03_strict_seconds": 0.17461068800002977
    },
    {
      "case": "low_rank",
      "paper_error": 0.12270952504552725,
      "paper_seconds": 0.11446102399986557,
      "requested_rank": 24,
      "seed": 0,
      "v02_bpw": 1.1,
      "v02_rank": 24,
      "v02_seconds": 0.13848570299978746,
      "v02_serialized_error": 0.12047736343544996,
      "v03_balanced_bpw": 1.1666666666666667,
      "v03_balanced_error": 0.07449952425694922,
      "v03_balanced_rank": 32,
      "v03_balanced_seconds": 0.15823834000002535,
      "v03_strict_bpw": 1.1,
      "v03_strict_error": 0.07968651181089062,
      "v03_strict_rank": 32,
      "v03_strict_seconds": 0.1632009159993686
    },
    {
      "case": "low_rank",
      "paper_error": 0.1282877396640815,
      "paper_seconds": 0.11514807200001087,
      "requested_rank": 24,
      "seed": 1,
      "v02_bpw": 1.1,
      "v02_rank": 24,
      "v02_seconds": 0.1452954590004083,
      "v02_serialized_error": 0.1272822164128363,
      "v03_balanced_bpw": 1.1666666666666667,
      "v03_balanced_error": 0.0767877669093409,
      "v03_balanced_rank": 32,
      "v03_balanced_seconds": 0.17912812499980646,
      "v03_strict_bpw": 1.1,
      "v03_strict_error": 0.0833698609179854,
      "v03_strict_rank": 32,
      "v03_strict_seconds": 0.17779842000072676
    },
    {
      "case": "low_rank",
      "paper_error": 0.13002528475818412,
      "paper_seconds": 0.11719487099981052,
      "requested_rank": 24,
      "seed": 2,
      "v02_bpw": 1.1,
      "v02_rank": 24,
      "v02_seconds": 0.1359209890006241,
      "v02_serialized_error": 0.12692846507551633,
      "v03_balanced_bpw": 1.1666666666666667,
      "v03_balanced_error": 0.07494267800565838,
      "v03_balanced_rank": 32,
      "v03_balanced_seconds": 0.18208152599981986,
      "v03_strict_bpw": 1.1,
      "v03_strict_error": 0.0795099988008754,
      "v03_strict_rank": 32,
      "v03_strict_seconds": 0.1725023749995671
    },
    {
      "case": "heavy_tail",
      "paper_error": 0.4883529552834252,
      "paper_seconds": 0.1196408359992347,
      "requested_rank": 24,
      "seed": 0,
      "v02_bpw": 1.1,
      "v02_rank": 24,
      "v02_seconds": 0.1665674610003407,
      "v02_serialized_error": 0.48779501414560117,
      "v03_balanced_bpw": 1.1666666666666667,
      "v03_balanced_error": 0.3907837263015224,
      "v03_balanced_rank": 32,
      "v03_balanced_seconds": 0.16254713499984064,
      "v03_strict_bpw": 1.1,
      "v03_strict_error": 0.3919871464812271,
      "v03_strict_rank": 32,
      "v03_strict_seconds": 0.15839370300000155
    },
    {
      "case": "heavy_tail",
      "paper_error": 0.48734469886245546,
      "paper_seconds": 0.11789184500048577,
      "requested_rank": 24,
      "seed": 1,
      "v02_bpw": 1.1,
      "v02_rank": 24,
      "v02_seconds": 0.13820793099966977,
      "v02_serialized_error": 0.48678601036943786,
      "v03_balanced_bpw": 1.1666666666666667,
      "v03_balanced_error": 0.39094822991541966,
      "v03_balanced_rank": 32,
      "v03_balanced_seconds": 0.17327554099938425,
      "v03_strict_bpw": 1.1,
      "v03_strict_error": 0.39209022871407484,
      "v03_strict_rank": 32,
      "v03_strict_seconds": 0.19256552300066687
    },
    {
      "case": "heavy_tail",
      "paper_error": 0.48733811306653035,
      "paper_seconds": 0.11150214200006303,
      "requested_rank": 24,
      "seed": 2,
      "v02_bpw": 1.1,
      "v02_rank": 24,
      "v02_seconds": 0.1334039590001339,
      "v02_serialized_error": 0.4867813350348485,
      "v03_balanced_bpw": 1.1666666666666667,
      "v03_balanced_error": 0.389439745799996,
      "v03_balanced_rank": 32,
      "v03_balanced_seconds": 0.16709806000017124,
      "v03_strict_bpw": 1.1,
      "v03_strict_error": 0.39089343134772175,
      "v03_strict_rank": 32,
      "v03_strict_seconds": 0.16396430299937492
    },
    {
      "case": "outliers",
      "paper_error": 0.366247406142725,
      "paper_seconds": 0.114568369999688,
      "requested_rank": 24,
      "seed": 0,
      "v02_bpw": 1.1,
      "v02_rank": 24,
      "v02_seconds": 0.13735075099975802,
      "v02_serialized_error": 0.3654942058065751,
      "v03_balanced_bpw": 1.1666666666666667,
      "v03_balanced_error": 0.29532492436725405,
      "v03_balanced_rank": 32,
      "v03_balanced_seconds": 0.15692888100056734,
      "v03_strict_bpw": 1.1,
      "v03_strict_error": 0.29722874656950454,
      "v03_strict_rank": 32,
      "v03_strict_seconds": 0.16455892700014374
    },
    {
      "case": "outliers",
      "paper_error": 0.3497899078513024,
      "paper_seconds": 0.11385143600000447,
      "requested_rank": 24,
      "seed": 1,
      "v02_bpw": 1.1,
      "v02_rank": 24,
      "v02_seconds": 0.13061710100009805,
      "v02_serialized_error": 0.3489004029324656,
      "v03_balanced_bpw": 1.1666666666666667,
      "v03_balanced_error": 0.2753700648339175,
      "v03_balanced_rank": 32,
      "v03_balanced_seconds": 0.16275660900009825,
      "v03_strict_bpw": 1.1,
      "v03_strict_error": 0.27786879529958664,
      "v03_strict_rank": 32,
      "v03_strict_seconds": 0.15986026999962633
    },
    {
      "case": "outliers",
      "paper_error": 0.31661229762761917,
      "paper_seconds": 0.10968206100005773,
      "requested_rank": 24,
      "seed": 2,
      "v02_bpw": 1.1,
      "v02_rank": 24,
      "v02_seconds": 0.1374976319993948,
      "v02_serialized_error": 0.3158751224875274,
      "v03_balanced_bpw": 1.1666666666666667,
      "v03_balanced_error": 0.24704760489566177,
      "v03_balanced_rank": 32,
      "v03_balanced_seconds": 0.17402694599968527,
      "v03_strict_bpw": 1.1,
      "v03_strict_error": 0.25068184770524143,
      "v03_strict_rank": 32,
      "v03_strict_seconds": 0.18052501800048049
    }
  ],
  "scope": "matrix-level exact serialized/deployed representation; no STE, KD, perplexity, or tasks",